Name,Date,Occurrences
__dau__,2024-09-02,30
__dau__,2024-09-03,103
__dau__,2024-09-04,16
__dau__,2024-09-05,1
__dau__,2024-09-06,6
__dau__,2024-09-12,1
__dau__,2024-09-14,1
__dau__,2024-09-15,2
__dau__,2024-09-16,3
__dau__,2024-09-17,2
__dau__,2024-09-20,1
__dau__,2024-09-23,1
__dau__,2024-09-28,1
__dau__,2024-10-07,2
__dau__,2024-10-11,4
__dau__,2024-10-15,2
__dau__,2024-10-18,1
__dau__,2024-10-20,1
__dau__,2024-10-24,2
__dau__,2024-10-31,1
__dau__,2024-11-20,3
__dau__,2024-12-09,2
__dau__,2024-12-13,1
__dau__,2024-12-26,1
__dau__,2024-12-29,2
__dau__,2024-12-30,2
__dau__,2025-01-13,5
__dau__,2025-01-20,2
__dau__,2025-01-21,1
__dau__,2025-01-25,4
__dau__,2025-01-26,3
__dau__,2025-01-28,1
__dau__,2025-01-29,3
__dau__,2025-01-30,1
__dau__,2025-01-31,1
__dau__,2025-02-02,1
__dau__,2025-02-04,1
__dau__,2025-02-06,1
__dau__,2025-02-16,1
__dau__,2025-02-28,4
__dau__,2025-03-01,2
__dau__,2025-03-02,1
__dau__,2025-03-08,1
__dau__,2025-03-12,1
__dau__,2025-03-13,1
__dau__,2025-03-14,1
__dau__,2025-03-20,1
__dau__,2025-03-26,1
__dau__,2025-04-01,1
__dau__,2025-04-02,1
__dau__,2025-04-06,1
__dau__,2025-04-11,11
__dau__,2025-04-16,1
dalt7744,2024-09-02,4
dalt7744,2024-09-03,-512
themightyhowitzer,2024-09-02,58
themightyhowitzer,2024-09-03,21
themightyhowitzer,2024-09-04,121
themightyhowitzer,2024-09-05,2
themightyhowitzer,2024-09-06,1
themightyhowitzer,2024-09-11,20
themightyhowitzer,2024-09-12,19
themightyhowitzer,2024-09-13,25
themightyhowitzer,2024-09-14,1
themightyhowitzer,2024-09-15,1
themightyhowitzer,2024-09-16,22
themightyhowitzer,2024-09-20,2
themightyhowitzer,2024-09-22,23
themightyhowitzer,2024-09-30,7
themightyhowitzer,2024-10-15,52
themightyhowitzer,2024-10-23,1
themightyhowitzer,2024-10-24,1
themightyhowitzer,2024-10-28,1
themightyhowitzer,2024-10-31,7
themightyhowitzer,2024-11-03,1
themightyhowitzer,2024-11-12,1
themightyhowitzer,2024-12-19,2
themightyhowitzer,2025-01-12,16
themightyhowitzer,2025-01-13,15
themightyhowitzer,2025-01-20,1
themightyhowitzer,2025-01-29,6
themightyhowitzer,2025-02-16,4
themightyhowitzer,2025-02-18,1
themightyhowitzer,2025-02-26,2
themightyhowitzer,2025-03-08,3
themightyhowitzer,2025-03-19,1
themightyhowitzer,2025-03-21,1
themightyhowitzer,2025-04-05,2
themightyhowitzer,2025-04-11,30
boogie152,2024-09-02,8
boogie152,2024-09-03,43
boogie152,2024-09-04,147
boogie152,2024-09-06,1
boogie152,2024-09-13,1
boogie152,2024-09-16,9
boogie152,2024-09-17,6
boogie152,2024-10-06,1
boogie152,2024-10-11,5
boogie152,2024-10-17,1
boogie152,2024-10-18,2
boogie152,2024-11-01,1
boogie152,2024-11-20,3
boogie152,2024-12-05,1
boogie152,2025-01-28,1
boogie152,2025-01-29,1
boogie152,2025-01-30,1
boogie152,2025-02-17,1
boogie152,2025-03-08,1
boogie152,2025-04-06,1
boogie152,2025-04-07,2
boogie152,2025-04-11,1
shabbles,2024-09-03,17
shabbles,2024-09-04,1
shabbles,2024-09-06,2
shabbles,2024-09-13,1
shabbles,2024-09-23,1
shabbles,2024-09-27,1
shabbles,2024-12-05,1
shabbles,2024-12-16,1
shabbles,2024-12-27,1
shabbles,2024-12-30,1
shabbles,2025-01-13,4
shabbles,2025-01-26,1
shabbles,2025-01-28,4
shabbles,2025-01-29,1
shabbles,2025-01-31,1
shabbles,2025-02-02,1
shabbles,2025-02-06,2
shabbles,2025-02-08,3
shabbles,2025-02-16,1
shabbles,2025-02-27,1
shabbles,2025-02-28,2
shabbles,2025-03-08,3
shabbles,2025-03-11,1
shabbles,2025-03-13,2
shabbles,2025-03-18,1
shabbles,2025-03-19,1
shabbles,2025-03-31,1
shabbles,2025-04-05,1
shabbles,2025-04-06,3
tornadoteammrt,2024-09-04,19
tornadoteammrt,2024-09-05,2
tornadoteammrt,2024-09-17,2
tornadoteammrt,2024-10-15,1
tornadoteammrt,2024-11-20,2
tornadoteammrt,2024-12-19,1
tornadoteammrt,2024-12-30,1
tornadoteammrt,2025-01-20,1
tornadoteammrt,2025-03-19,1
tornadoteammrt,2025-03-21,2
hamez_boi,2024-09-15,2
hamez_boi,2024-09-24,1
hamez_boi,2024-10-11,2
hamez_boi,2024-10-15,1
hamez_boi,2024-10-24,1
hamez_boi,2024-12-05,2
hamez_boi,2024-12-29,1
hamez_boi,2025-01-09,1
hamez_boi,2025-01-13,1
hamez_boi,2025-01-15,1
hamez_boi,2025-01-25,1
hamez_boi,2025-01-26,2
hamez_boi,2025-01-27,1
hamez_boi,2025-02-06,1
hamez_boi,2025-04-11,4
worldofrice,2024-09-16,1
meltedpuddingwx,2024-12-30,1
meltedpuddingwx,2025-01-20,3
